{"cameraMode":{"drawMode":0,"name":"Shaded","section":"Shading Mode"},"sceneLighting":false,"audioPlay":false,"sceneViewState":{"showFog":true,"showMaterialUpdate":false,"showSkybox":false,"showFlares":true,"showImageEffects":true,"showParticleSystems":true},"in2DMode":false,"pivot":{"x":-4.1072540283203129,"y":0.4772198796272278,"z":-16.73749351501465},"rotation":{"x":0.19470681250095368,"y":-0.664711594581604,"z":0.18567773699760438,"w":0.6970065236091614},"size":1.4117491245269776,"orthographic":true}