{"cameraMode":{"drawMode":0,"name":"Shaded","section":"Shading Mode"},"sceneLighting":true,"audioPlay":false,"sceneViewState":{"showFog":true,"showMaterialUpdate":false,"showSkybox":true,"showFlares":true,"showImageEffects":true,"showParticleSystems":true},"in2DMode":false,"pivot":{"x":-37.0,"y":0.9250679016113281,"z":9.015846252441407},"rotation":{"x":0.036522772163152698,"y":-0.9626848101615906,"z":0.16862055659294129,"w":0.20850934088230134},"size":44.744712829589847,"orthographic":true}