{"cameraMode":{"drawMode":0,"name":"Shaded","section":"Shading Mode"},"sceneLighting":false,"audioPlay":false,"sceneViewState":{"showFog":true,"showMaterialUpdate":false,"showSkybox":false,"showFlares":true,"showImageEffects":true,"showParticleSystems":true},"in2DMode":false,"pivot":{"x":0.09270745515823364,"y":0.481981486082077,"z":0.0018214583396911622},"rotation":{"x":0.3390461504459381,"y":0.002816831460222602,"z":-0.001034800079651177,"w":0.9407817721366882},"size":3.6965181827545168,"orthographic":true}