{"cameraMode":{"drawMode":0,"name":"Shaded","section":"Shading Mode"},"sceneLighting":false,"audioPlay":false,"sceneViewState":{"showFog":true,"showMaterialUpdate":false,"showSkybox":false,"showFlares":true,"showImageEffects":true,"showParticleSystems":true},"in2DMode":false,"pivot":{"x":0.553758442401886,"y":0.15655779838562013,"z":-1.0767878293991089},"rotation":{"x":0.48981061577796938,"y":0.1451275795698166,"z":-0.08306034654378891,"w":0.855670154094696},"size":2.852311611175537,"orthographic":false}