{"cameraMode":{"drawMode":0,"name":"Shaded","section":"Shading Mode"},"sceneLighting":false,"audioPlay":false,"sceneViewState":{"showFog":true,"showMaterialUpdate":false,"showSkybox":false,"showFlares":true,"showImageEffects":true,"showParticleSystems":true},"in2DMode":false,"pivot":{"x":0.003933131694793701,"y":0.4896925389766693,"z":-0.021889865398406984},"rotation":{"x":0.3667653501033783,"y":-0.3403692841529846,"z":0.14625601470470429,"w":0.8533899784088135},"size":2.716717004776001,"orthographic":true}