{"cameraMode":{"drawMode":0,"name":"Shaded","section":"Shading Mode"},"sceneLighting":false,"audioPlay":false,"sceneViewState":{"showFog":true,"showMaterialUpdate":false,"showSkybox":false,"showFlares":true,"showImageEffects":true,"showParticleSystems":true},"in2DMode":false,"pivot":{"x":0.003262817859649658,"y":0.5265745520591736,"z":-0.053781718015670779},"rotation":{"x":0.49601542949676516,"y":-0.348655104637146,"z":0.22686602175235749,"w":0.7622133493423462},"size":3.0453758239746095,"orthographic":true}