{"cameraMode":{"drawMode":0,"name":"Shaded","section":"Shading Mode"},"sceneLighting":false,"audioPlay":false,"sceneViewState":{"showFog":true,"showMaterialUpdate":false,"showSkybox":false,"showFlares":true,"showImageEffects":true,"showParticleSystems":true},"in2DMode":false,"pivot":{"x":-0.012370467185974121,"y":0.3373986780643463,"z":-0.0208471417427063},"rotation":{"x":0.08750738948583603,"y":-0.6831951141357422,"z":0.08299674093723297,"w":0.7202504277229309},"size":2.6627275943756105,"orthographic":true}